,O_ORDERKEY,O_CUSTKEY,O_ORDERSTATUS,O_TOTALPRICE,O_ORDERDATE,O_ORDERPRIORITY,O_CLERK,O_SHIPPRIORITY,O_COMMENT
0,320,4,O,50202.6,1997-11-21,2-HIGH,Clerk#000000573,0,ar foxes nag blithely
1,739,4,O,226008.8,1998-05-31,5-LOW,Clerk#000000900,0, against the slyly ironic packages nag slyly ironic
2,6532,4,O,129232.21,1996-02-18,1-URGENT,Clerk#000000046,0,al excuses wake special
3,10688,4,F,43453.24,1992-05-13,3-MEDIUM,Clerk#000000226,0,ly ironic instructions lose quickly alongside of the carefully 
4,10788,4,O,147767.08,1997-01-15,3-MEDIUM,Clerk#000000905,0,esides the slyly ironic dependencies. ironic foxes cajole fur
5,13728,4,O,123722.52,1995-12-11,2-HIGH,Clerk#000000094,0,theodolites. ironic deposits boost among the slyly regular instru
6,14947,4,O,165118.45,1995-07-30,5-LOW,Clerk#000000192,0, the quickly final platelets. quickly special theodolites haggle agains
7,15395,4,O,37002.64,1996-05-14,3-MEDIUM,Clerk#000000290,0,idly requests. even accounts hinder ironic packages. furi
8,20386,4,F,78070.68,1993-02-28,1-URGENT,Clerk#000000964,0,pending ideas? bold accounts dazzle carefully final r
9,22466,4,F,130160.51,1992-03-29,5-LOW,Clerk#000000641,0,"g accounts can sleep blithely along the quiet, unusual p"
10,24416,4,O,184512.04,1996-10-18,5-LOW,Clerk#000000672,0,nts are after the blithely eve
11,25280,4,O,115422.02,1995-05-22,4-NOT SPECIFIED,Clerk#000000234,0, packages haggle across the furio
12,25893,4,O,150695.21,1997-09-16,1-URGENT,Clerk#000000431,0,uick requests. slyly special packages cajole. quickly regular deposi
13,26407,4,F,275581.07,1992-06-20,1-URGENT,Clerk#000000524,0, regular deposits. slyly bold theodolites was furi
14,26722,4,O,173562.06,1996-05-16,3-MEDIUM,Clerk#000000258,0,nt about the furiously regular accounts. blithely final requests sleep against
15,26852,4,F,77869.29,1993-03-07,1-URGENT,Clerk#000000166,0,lly beneath the decoys. final excuses must have to wake. ironic asymptote
16,28417,4,O,209874.16,1998-01-25,3-MEDIUM,Clerk#000000515,0,ronic instructions integrate quic
17,29574,4,O,112785.17,1996-07-12,3-MEDIUM,Clerk#000000887,0,requests sleep according to the r
18,34755,4,O,156681.56,1997-02-24,1-URGENT,Clerk#000000190,0,"l requests wake. final, ironic courts promise quic"
19,36386,4,F,6829.14,1994-04-03,3-MEDIUM,Clerk#000000755,0,usly bold sheaves along the caref
20,38117,4,F,148782.33,1993-04-21,5-LOW,Clerk#000000571,0,s integrate quickly. blithe
21,41600,4,O,192516.42,1997-04-06,2-HIGH,Clerk#000000199,0,ly. regular instructions haggle fluffily regular es
22,44486,4,F,39197.54,1992-07-10,1-URGENT,Clerk#000000280,0,"ic theodolites. regular, pending accounts sleep quickly epitaphs. ev"
23,46951,4,O,32138.87,1995-11-18,1-URGENT,Clerk#000000980,0,xpress frets. carefully even
24,54018,4,O,50422.56,1998-06-24,2-HIGH,Clerk#000000892,0,iously express deposits dazzle furiousl
25,54404,4,O,182306.44,1998-02-13,5-LOW,Clerk#000000319,0,kages affix after the furiously pending packages. slyly regular deposits wak
26,54722,4,F,208672.53,1993-01-08,5-LOW,Clerk#000000380,0,ly across the final deposits. blithely ironic sheaves among the sl
27,56196,4,F,199826.92,1994-11-06,1-URGENT,Clerk#000000532,0, multipliers. carefully final accounts affix. grouches abo
28,58146,4,O,241263.01,1997-04-02,3-MEDIUM,Clerk#000000368,0,le according to the slyly final exc
29,59079,4,O,29140.97,1995-10-05,5-LOW,Clerk#000000881,0,blithely. carefully regular theodolites detect.
30,59140,4,O,215749.35,1997-08-31,4-NOT SPECIFIED,Clerk#000000888,0,lly final theodolites. quickly final accounts after the pending d
