,L_ORDERKEY,L_PARTKEY,L_SUPPKEY,L_LINENUMBER,L_QUANTITY,L_EXTENDEDPRICE,L_DISCOUNT,L_TAX,L_RETURNFLAG,L_LINESTATUS,L_SHIPDATE,L_COMMITDATE,L_RECEIPTDATE,L_SHIPINSTRUCT,L_SHIPMODE,L_COMMENT
0,320,45,21,1,30,28351.2,0.05,0.01,N,O,1997-12-04,1998-01-21,1997-12-13,NONE,RAIL," ironic, final accounts wake quick de"
1,320,1922,67,2,13,23710.96,0.03,0.0,N,O,1997-12-16,1997-12-26,1997-12-17,TAKE BACK RETURN,AIR,he furiously regular pinto beans. car
2,739,845,79,1,28,48883.52,0.0,0.03,N,O,1998-06-03,1998-08-04,1998-06-29,TAKE BACK RETURN,RAIL,elets about the pe
3,739,36,62,2,50,46801.5,0.07,0.06,N,O,1998-08-26,1998-07-16,1998-09-02,COLLECT COD,MAIL,ndencies. blith
4,739,488,47,3,12,16661.76,0.05,0.0,N,O,1998-08-20,1998-07-24,1998-08-22,NONE,MAIL,le slyly along the close i
5,739,435,23,4,47,62765.21,0.09,0.07,N,O,1998-08-12,1998-07-09,1998-08-28,NONE,REG AIR,deas according to the theodolites sn
6,739,1876,6,5,30,53336.1,0.07,0.06,N,O,1998-06-19,1998-08-26,1998-07-02,DELIVER IN PERSON,REG AIR,above the even deposits. ironic requests
7,6532,1764,49,1,19,31649.44,0.03,0.03,N,O,1996-04-21,1996-04-30,1996-05-08,DELIVER IN PERSON,SHIP,o the fluffily final excuses
8,6532,628,22,2,26,39744.12,0.06,0.0,N,O,1996-06-15,1996-04-02,1996-06-27,TAKE BACK RETURN,SHIP,eep bravely carefully unusual requests. ca
9,6532,1583,84,3,31,46021.98,0.07,0.03,N,O,1996-06-16,1996-04-19,1996-07-01,COLLECT COD,SHIP,the slyly silen
10,6532,811,45,4,9,15406.29,0.01,0.06,N,O,1996-05-26,1996-04-07,1996-06-20,TAKE BACK RETURN,AIR,lly according t
11,10688,451,81,1,16,21623.2,0.05,0.01,A,F,1992-06-19,1992-07-31,1992-07-06,TAKE BACK RETURN,AIR,ing instructions nag according t
12,10688,1326,27,2,19,23319.08,0.09,0.07,R,F,1992-06-16,1992-06-27,1992-07-05,TAKE BACK RETURN,MAIL,to beans solve blithely quickly permane
13,10788,509,100,1,22,31009.0,0.0,0.06,N,O,1997-04-18,1997-03-18,1997-05-01,NONE,AIR,y final instructio
14,10788,153,32,2,27,28435.05,0.01,0.04,N,O,1997-03-06,1997-03-17,1997-03-28,NONE,REG AIR,pinto beans. ironic theo
15,10788,535,26,3,26,37323.78,0.03,0.01,N,O,1997-03-06,1997-04-13,1997-03-28,NONE,AIR,dolphins. carefully enticing requests 
16,10788,1965,66,4,28,52274.88,0.08,0.02,N,O,1997-05-13,1997-04-10,1997-06-05,TAKE BACK RETURN,SHIP,ake carefully silently bold pa
17,13728,863,63,1,36,63498.96,0.04,0.0,N,O,1996-01-22,1996-01-26,1996-02-19,NONE,SHIP,excuses x-ray slyly special ideas. 
18,13728,231,59,2,20,22624.6,0.09,0.02,N,O,1996-01-28,1996-03-09,1996-02-11,NONE,RAIL,sual packages hinder abov
19,13728,125,26,3,40,41004.8,0.03,0.05,N,O,1996-01-30,1996-01-15,1996-01-31,TAKE BACK RETURN,REG AIR,deas wake furiously. 
20,14947,312,41,1,14,16972.34,0.09,0.02,N,O,1995-11-05,1995-09-25,1995-11-27,TAKE BACK RETURN,RAIL,"bout the even, iro"
21,14947,1071,72,2,29,28190.03,0.04,0.06,N,O,1995-11-08,1995-08-30,1995-12-03,TAKE BACK RETURN,FOB,inal sentiments t
22,14947,1869,13,3,33,58438.38,0.08,0.07,N,O,1995-10-24,1995-10-05,1995-11-18,NONE,SHIP,iously unusual pinto beans. fluffily regula
23,14947,783,80,4,38,63983.64,0.06,0.05,N,O,1995-09-10,1995-09-23,1995-09-22,NONE,SHIP,nstructions. final accou
24,15395,144,45,1,36,37589.04,0.08,0.07,N,O,1996-07-20,1996-07-22,1996-08-10,TAKE BACK RETURN,TRUCK,rding to the special forges cajole final 
25,20386,422,10,1,33,43639.86,0.0,0.03,A,F,1993-04-29,1993-04-13,1993-05-12,TAKE BACK RETURN,MAIL,unusual grouches. permanently express 
26,20386,518,19,2,23,32625.73,0.06,0.08,A,F,1993-05-24,1993-05-28,1993-06-17,DELIVER IN PERSON,TRUCK,ng packages. blithely 
27,22466,1265,66,1,23,26823.98,0.06,0.08,R,F,1992-05-11,1992-05-21,1992-05-31,NONE,FOB,efully express instructions. sl
28,22466,909,12,2,11,19908.9,0.05,0.05,A,F,1992-06-20,1992-05-28,1992-06-23,TAKE BACK RETURN,TRUCK,pending platelets haggle carefully ironi
29,22466,23,99,3,26,23998.52,0.01,0.02,A,F,1992-04-22,1992-06-22,1992-05-13,NONE,AIR,elets. furiously 
30,22466,684,47,4,40,63387.2,0.09,0.02,R,F,1992-06-15,1992-05-31,1992-07-05,COLLECT COD,MAIL,eep carefully specia
31,24416,1636,19,1,31,47666.53,0.05,0.04,N,O,1997-01-23,1996-12-01,1997-02-14,COLLECT COD,FOB,ies. thinly regular pinto beans
32,24416,255,83,2,43,49675.75,0.1,0.04,N,O,1996-11-18,1996-12-20,1996-11-20,TAKE BACK RETURN,RAIL,ct carefully excuses. furiously regul
33,24416,1325,64,3,50,61316.0,0.07,0.07,N,O,1997-01-01,1996-12-17,1997-01-21,COLLECT COD,MAIL,nt packages. fluffily
34,24416,168,95,4,28,29908.48,0.01,0.01,N,O,1996-12-14,1996-11-19,1997-01-08,DELIVER IN PERSON,SHIP, fluffily. furiously fi
35,25280,1567,8,1,33,48462.48,0.06,0.06,N,O,1995-06-18,1995-08-04,1995-07-14,NONE,REG AIR,into beans. furiously unus
36,25280,1777,62,2,43,72187.11,0.07,0.0,N,O,1995-08-31,1995-07-20,1995-09-09,NONE,RAIL,kages mold regular excuses. d
37,25893,1744,71,1,13,21394.62,0.07,0.06,N,O,1997-12-07,1997-11-03,1997-12-21,COLLECT COD,MAIL,y ironic pin
38,25893,184,37,2,21,22767.78,0.04,0.07,N,O,1997-12-11,1997-11-21,1997-12-20,NONE,AIR,endencies print always slyl
39,25893,471,72,3,14,19200.58,0.1,0.05,N,O,1998-01-04,1997-11-26,1998-01-19,TAKE BACK RETURN,AIR,odolites integrate bli
40,25893,971,72,4,35,65518.95,0.06,0.05,N,O,1997-09-30,1997-12-15,1997-10-03,COLLECT COD,REG AIR,ar pearls; unusual foxes ar
41,25893,1503,44,5,1,1404.5,0.07,0.04,N,O,1997-09-25,1997-12-04,1997-09-30,TAKE BACK RETURN,TRUCK,regular foxes use fluffily. ironic 
42,25893,528,19,6,16,22856.32,0.09,0.06,N,O,1997-12-27,1997-11-22,1998-01-04,NONE,FOB,ts. carefully pending
43,26407,735,36,1,50,81786.5,0.08,0.01,R,F,1992-10-05,1992-08-23,1992-10-25,DELIVER IN PERSON,REG AIR," the bold, pending ideas sleep pending, "
44,26407,1994,39,2,48,91007.52,0.01,0.02,R,F,1992-06-22,1992-08-29,1992-06-23,COLLECT COD,AIR,affix furiously between
45,26407,1179,52,3,37,39966.29,0.05,0.05,A,F,1992-08-30,1992-09-15,1992-09-08,TAKE BACK RETURN,SHIP,ns! furiously regular
46,26407,115,94,4,39,39589.29,0.0,0.03,R,F,1992-08-28,1992-08-17,1992-09-21,NONE,RAIL,sleep furiously ironic pinto beans
47,26407,180,7,5,5,5400.9,0.08,0.05,R,F,1992-07-19,1992-08-28,1992-07-30,NONE,REG AIR, sleep furiously. quic
48,26407,1629,30,6,14,21428.68,0.03,0.05,R,F,1992-07-30,1992-09-08,1992-08-15,TAKE BACK RETURN,RAIL,structions sleep carefully a
49,26722,747,48,1,24,39545.76,0.05,0.02,N,O,1996-06-17,1996-07-16,1996-07-07,DELIVER IN PERSON,MAIL,s. quickly silent deposits wake f
50,26722,500,30,2,32,44816.0,0.0,0.05,N,O,1996-07-19,1996-06-15,1996-08-07,DELIVER IN PERSON,FOB,ent deposits eat about the slyly
51,26722,1783,26,3,26,43804.28,0.05,0.03,N,O,1996-07-24,1996-06-25,1996-08-13,COLLECT COD,FOB,bout the ironic pac
52,26722,1169,70,4,40,42806.4,0.02,0.05,N,O,1996-06-21,1996-08-06,1996-07-19,NONE,AIR, unusual packages. theodolites sleep
53,26722,395,96,5,1,1295.39,0.08,0.07,N,O,1996-06-13,1996-08-08,1996-07-06,NONE,FOB,lyly pending packa
54,26852,1641,42,1,47,72504.08,0.07,0.04,R,F,1993-07-01,1993-05-06,1993-07-11,COLLECT COD,AIR,ar deposits in place
55,26852,164,65,2,7,7449.12,0.01,0.05,A,F,1993-05-12,1993-06-04,1993-05-22,DELIVER IN PERSON,MAIL, regular dolphins! quickly unusual request
56,28417,1221,96,1,10,11222.2,0.03,0.02,N,O,1998-05-13,1998-04-15,1998-05-24,TAKE BACK RETURN,MAIL,to the blithely i
57,28417,1628,52,2,35,53536.7,0.03,0.08,N,O,1998-01-31,1998-04-23,1998-02-21,COLLECT COD,RAIL,nal instruc
58,28417,567,98,3,44,64572.64,0.07,0.08,N,O,1998-04-29,1998-03-16,1998-05-20,NONE,RAIL,he blithely regular accounts. darin
59,28417,245,73,4,29,33211.96,0.1,0.05,N,O,1998-04-03,1998-03-28,1998-04-16,COLLECT COD,MAIL,sits haggle. furiously final pinto beans
60,28417,1062,98,5,31,29854.86,0.01,0.03,N,O,1998-02-07,1998-03-27,1998-03-03,DELIVER IN PERSON,AIR,se against the pending packag
61,28417,1130,39,6,10,10311.3,0.05,0.02,N,O,1998-02-11,1998-03-10,1998-03-03,TAKE BACK RETURN,FOB,play fluffily-- even deposits wake sly
62,28417,223,51,7,5,5616.1,0.0,0.07,N,O,1998-04-18,1998-03-30,1998-05-09,COLLECT COD,TRUCK,slyly pending
63,29574,1157,66,1,6,6348.9,0.01,0.0,N,O,1996-08-13,1996-09-05,1996-08-17,NONE,FOB, regular plat
64,29574,1679,21,2,46,72710.82,0.03,0.01,N,O,1996-08-16,1996-09-17,1996-09-12,DELIVER IN PERSON,REG AIR, furiously. quic
65,29574,1496,36,3,5,6987.45,0.07,0.05,N,O,1996-07-28,1996-10-05,1996-08-03,COLLECT COD,RAIL,regular platelets. final ideas boost. 
66,29574,1206,7,4,26,28787.2,0.05,0.04,N,O,1996-09-27,1996-10-09,1996-09-29,COLLECT COD,RAIL,above the platelet
67,34755,3,54,1,43,38829.0,0.02,0.08,N,O,1997-06-01,1997-04-11,1997-06-29,DELIVER IN PERSON,TRUCK,posits. carefully enticing theodolites
68,34755,1926,71,2,6,10967.52,0.1,0.03,N,O,1997-04-11,1997-04-26,1997-05-09,COLLECT COD,MAIL,fluffily bold i
69,34755,1748,49,3,16,26395.84,0.0,0.0,N,O,1997-03-07,1997-03-28,1997-03-12,TAKE BACK RETURN,RAIL,slyly regular platelets. idly final sheav
70,34755,707,8,4,37,59484.9,0.01,0.08,N,O,1997-05-25,1997-05-22,1997-06-10,TAKE BACK RETURN,AIR,ffily ironic idea
71,34755,279,34,5,2,2358.54,0.02,0.01,N,O,1997-05-04,1997-05-24,1997-05-24,NONE,AIR, packages sleep enticing
72,34755,1193,94,6,13,14224.47,0.08,0.0,N,O,1997-04-27,1997-05-17,1997-05-17,DELIVER IN PERSON,RAIL,sentiments. slowly bold plat
73,36386,1523,64,1,5,7122.6,0.06,0.02,A,F,1994-04-09,1994-05-17,1994-04-21,COLLECT COD,MAIL, final dugouts sleep.
74,38117,1595,36,1,13,19455.67,0.05,0.02,R,F,1993-08-15,1993-06-11,1993-09-14,TAKE BACK RETURN,AIR,efully special accounts haggle regular pac
75,38117,221,3,2,27,30272.94,0.08,0.07,A,F,1993-06-25,1993-06-04,1993-06-27,COLLECT COD,AIR,y special packages boost sl
76,38117,1516,57,3,13,18427.63,0.09,0.06,A,F,1993-07-03,1993-07-01,1993-07-08,NONE,AIR,ole slyly along
77,38117,1967,100,4,48,89710.08,0.1,0.02,A,F,1993-07-11,1993-06-29,1993-07-20,NONE,AIR,s after the qui
78,41600,1130,3,1,33,34027.29,0.08,0.03,N,O,1997-07-05,1997-05-13,1997-07-08,TAKE BACK RETURN,RAIL,xpress requests! regular packages ca
79,41600,1025,26,2,11,10186.22,0.05,0.08,N,O,1997-06-01,1997-05-30,1997-06-20,TAKE BACK RETURN,TRUCK, furiously carefully pending reques
80,41600,1901,90,3,22,39663.8,0.05,0.02,N,O,1997-07-01,1997-06-27,1997-07-10,DELIVER IN PERSON,RAIL,ways final packages. fluffily f
81,41600,1239,77,4,26,29645.98,0.0,0.05,N,O,1997-07-23,1997-06-01,1997-08-09,COLLECT COD,MAIL,al frays hang furio
82,41600,1943,32,5,23,42433.62,0.06,0.05,N,O,1997-05-28,1997-05-21,1997-05-29,NONE,SHIP,ckly ironic 
83,41600,1550,31,6,27,39191.85,0.04,0.02,N,O,1997-07-04,1997-07-03,1997-08-02,TAKE BACK RETURN,SHIP,jole furiously. regular reque
84,44486,139,18,1,35,36369.55,0.03,0.07,A,F,1992-08-12,1992-09-18,1992-08-18,TAKE BACK RETURN,AIR,aggle carefully blithely fi
85,44486,535,66,2,1,1435.53,0.01,0.02,R,F,1992-08-15,1992-09-10,1992-09-11,NONE,TRUCK,ly regular packages. regu
86,46951,1640,23,1,22,33916.08,0.08,0.03,N,O,1996-01-07,1996-01-22,1996-01-21,COLLECT COD,REG AIR,nt fluffily. carefully ironic theod
87,54018,1798,25,1,32,54393.28,0.1,0.03,N,O,1998-09-26,1998-09-05,1998-10-09,COLLECT COD,RAIL,"ar, careful forges are caref"
88,54404,725,26,1,17,27637.24,0.04,0.04,N,O,1998-05-25,1998-05-13,1998-06-24,TAKE BACK RETURN,MAIL,nts. final foxes after the ca
89,54404,866,66,2,15,26502.9,0.05,0.05,N,O,1998-06-07,1998-05-12,1998-06-18,TAKE BACK RETURN,REG AIR,ackages nag quickly expres
90,54404,918,87,3,41,74575.31,0.05,0.01,N,O,1998-06-07,1998-04-20,1998-06-09,NONE,RAIL,ns. carefully bold asymptotes after 
91,54404,1833,77,4,12,20817.96,0.1,0.02,N,O,1998-04-07,1998-03-26,1998-05-03,DELIVER IN PERSON,SHIP,efully regular
92,54404,1614,56,5,27,40921.47,0.09,0.01,N,O,1998-05-11,1998-05-14,1998-05-22,COLLECT COD,SHIP,riously ev
93,54722,775,72,1,18,30163.86,0.06,0.07,A,F,1993-05-05,1993-03-03,1993-05-13,DELIVER IN PERSON,FOB, haggle fluffily across the slyly
94,54722,1423,2,2,36,47679.12,0.07,0.0,R,F,1993-01-31,1993-02-22,1993-02-17,DELIVER IN PERSON,MAIL,furiously bold plate
95,54722,943,78,3,21,38722.74,0.07,0.06,R,F,1993-05-05,1993-04-05,1993-05-19,TAKE BACK RETURN,REG AIR,sits haggle fluffily? quick 
96,54722,1496,14,4,36,50309.64,0.09,0.08,R,F,1993-02-02,1993-03-26,1993-02-05,NONE,SHIP," bold foxes. regular, final"
97,54722,1045,81,5,43,40679.72,0.07,0.02,R,F,1993-03-30,1993-02-23,1993-04-11,COLLECT COD,TRUCK,l foxes. blith
98,54722,1077,48,6,8,7824.56,0.07,0.07,A,F,1993-05-08,1993-03-03,1993-05-11,COLLECT COD,MAIL,its. packages along the quick
99,56196,828,62,1,20,34576.4,0.03,0.06,A,F,1995-03-04,1995-01-20,1995-03-27,DELIVER IN PERSON,TRUCK,ke furiously. blithely pending foxes det
100,56196,706,71,2,40,64268.0,0.01,0.05,A,F,1994-11-30,1994-12-29,1994-12-27,NONE,REG AIR,arefully above the fluffily final platel
101,56196,1146,19,3,7,7329.98,0.08,0.0,R,F,1995-01-07,1995-01-07,1995-01-23,TAKE BACK RETURN,MAIL,olites. bold instructions wake fluf
102,56196,1219,94,4,12,13442.52,0.07,0.08,A,F,1995-01-29,1994-12-26,1995-02-27,COLLECT COD,REG AIR,tructions. iron
103,56196,1748,33,5,48,79187.52,0.08,0.06,R,F,1995-02-04,1995-01-11,1995-02-16,COLLECT COD,MAIL,nic instructions 
104,58146,1858,59,1,10,17598.5,0.09,0.04,N,O,1997-04-04,1997-06-06,1997-04-21,DELIVER IN PERSON,REG AIR,deposits nag s
105,58146,549,80,2,31,44935.74,0.01,0.07,N,O,1997-05-03,1997-05-31,1997-05-09,NONE,FOB,e furiously ironic
106,58146,1130,3,3,47,48463.11,0.02,0.05,N,O,1997-07-10,1997-06-23,1997-07-30,NONE,MAIL,out the regular dolphi
107,58146,974,9,4,48,89998.56,0.09,0.0,N,O,1997-07-23,1997-06-03,1997-08-10,COLLECT COD,SHIP,ong the slyly bol
108,58146,1517,98,5,18,25533.18,0.07,0.06,N,O,1997-06-18,1997-06-17,1997-06-29,COLLECT COD,RAIL,ove the furiously regula
109,58146,9,10,6,2,1818.0,0.02,0.0,N,O,1997-06-08,1997-06-27,1997-06-28,TAKE BACK RETURN,FOB,e the carefully f
110,58146,295,50,7,15,17929.35,0.0,0.02,N,O,1997-06-17,1997-06-15,1997-07-17,NONE,AIR,the express r
111,59079,1391,30,1,2,2584.78,0.0,0.01,N,O,1995-11-12,1995-11-17,1995-11-16,NONE,MAIL,ns. pending foxes detect.
112,59079,1310,25,2,8,9690.48,0.02,0.02,N,O,1995-11-01,1995-12-15,1995-11-02,TAKE BACK RETURN,MAIL,thely regular foxes. b
113,59079,632,33,3,11,16858.93,0.03,0.03,N,O,1995-10-16,1995-11-23,1995-10-17,DELIVER IN PERSON,SHIP, ironic requests alongside of th
114,59140,1257,58,1,4,4633.0,0.01,0.04,N,O,1997-11-15,1997-11-20,1997-11-20,TAKE BACK RETURN,RAIL,e pending 
115,59140,1756,83,2,25,41443.75,0.1,0.06,N,O,1997-11-06,1997-11-19,1997-12-06,TAKE BACK RETURN,RAIL,arefully fin
116,59140,1326,65,3,27,33137.64,0.08,0.07,N,O,1997-10-02,1997-10-01,1997-10-11,COLLECT COD,RAIL,instructions slee
117,59140,1098,34,4,38,37965.42,0.0,0.0,N,O,1997-10-18,1997-11-05,1997-11-12,TAKE BACK RETURN,TRUCK,t carefully carefully unu
118,59140,1210,11,5,41,45559.61,0.05,0.02,N,O,1997-10-04,1997-11-28,1997-10-25,NONE,REG AIR,"haggle quickly among the ironic, special ac"
119,59140,955,58,6,30,55678.5,0.03,0.05,N,O,1997-12-15,1997-10-18,1998-01-02,COLLECT COD,AIR,s cajole fluff
